{"lowlevel.dissonance.mean": [-0.3893294930458069], "sfx.inharmonicity.mean": [0.31258755922317505], "lowlevel.spectral_contrast.mean": [[1.2444171905517578, 1.0032624006271362, 0.8982471227645874, 0.6889253854751587, 0.5316948890686035, 0.3240470886230469]], "lowlevel.spectral_centroid.mean": [0.4436306953430176], "lowlevel.mfcc.mean": [[0.29849886894226074, 0.6366497874259949, 0.5923567414283752, 0.28747671842575073, 0.28037261962890625, -0.13114464282989502, -0.4797365069389343, -0.3624451756477356, 0.07762634754180908, -0.054336488246917725, -0.30189013481140137, -0.41637927293777466, -0.47451257705688477]], "sfx.logattacktime.mean": [0.2805730104446411], "lowlevel.hfc.mean": [0.468813419342041]}