{"lowlevel.dissonance.mean": [0.5301190614700317], "sfx.inharmonicity.mean": [0.5067809820175171], "lowlevel.spectral_contrast.mean": [[0.46903693675994873, 0.6894173622131348, 0.5342895984649658, 0.45518970489501953, 0.4567081928253174, 0.3064424991607666]], "lowlevel.spectral_centroid.mean": [0.3260384798049927], "lowlevel.mfcc.mean": [[0.41658806800842285, 0.8684155941009521, 0.7256132364273071, 0.40762096643447876, 0.6732690334320068, 0.4486536979675293, 0.31813281774520874, 0.35969316959381104, 0.4161306619644165, 0.3671185374259949, 0.3577786087989807, 0.25998198986053467, 0.28048208355903625]], "sfx.logattacktime.mean": [0.5917912721633911], "lowlevel.hfc.mean": [0.4659109115600586]}