{"lowlevel.dissonance.mean": [0.7460712194442749], "sfx.inharmonicity.mean": [0.877997636795044], "lowlevel.spectral_contrast.mean": [[0.6493960618972778, 0.5276858806610107, 0.5570343732833862, 0.6034436225891113, 0.7162332534790039, 0.9304745197296143]], "lowlevel.spectral_centroid.mean": [0.7851142883300781], "lowlevel.mfcc.mean": [[0.8046660423278809, -0.0331621915102005, 0.05009084939956665, 0.5286677479743958, 0.34341520071029663, 0.554158091545105, 0.29883328080177307, 0.8951893448829651, 0.5176790356636047, 0.8724061250686646, 0.8690605759620667, 0.8083792924880981, 0.8299250602722168]], "sfx.logattacktime.mean": [0.3060455620288849], "lowlevel.hfc.mean": [0.5488800406455994]}