{"lowlevel.dissonance.mean": [0.5162985324859619], "sfx.inharmonicity.mean": [0.4367713928222656], "lowlevel.spectral_contrast.mean": [[0.3170696496963501, 0.6895186901092529, 0.8631330728530884, 1.1001304388046265, 1.0777935981750488, 1.0531022548675537]], "lowlevel.spectral_centroid.mean": [0.5478271245956421], "lowlevel.mfcc.mean": [[0.49150657653808594, 0.06212027370929718, 0.4018924832344055, 0.5570762157440186, 0.381130188703537, 0.5964707732200623, 0.39823052287101746, 0.49863263964653015, 0.7952672243118286, 0.7824925780296326, 1.0718849897384644, 1.2319164276123047, 0.4719862937927246]], "sfx.logattacktime.mean": [0.5167557597160339], "lowlevel.hfc.mean": [0.4701339304447174]}