{"lowlevel.dissonance.mean": [0.6393612623214722], "sfx.inharmonicity.mean": [0.4451565146446228], "lowlevel.spectral_contrast.mean": [[0.6617273688316345, 1.0014369487762451, 0.9538671970367432, 0.8207422494888306, 0.8475914001464844, 0.9032330513000488]], "lowlevel.spectral_centroid.mean": [0.516476571559906], "lowlevel.mfcc.mean": [[0.6064095497131348, 0.08139796555042267, -0.10481134057044983, 0.4204303026199341, 0.5773179531097412, 0.620172917842865, 0.5803242325782776, 0.9462350606918335, 0.8268725275993347, 1.3520009517669678, 1.4744489192962646, 1.2541755437850952, 0.2455633580684662]], "sfx.logattacktime.mean": [0.25572410225868225], "lowlevel.hfc.mean": [0.49783337116241455]}