{"lowlevel.dissonance.mean": [0.747958779335022], "sfx.inharmonicity.mean": [0.99465012550354], "lowlevel.spectral_contrast.mean": [[0.5516942739486694, 0.5048162937164307, 0.48211669921875, 0.6521639823913574, 0.7008826732635498, 0.9197854995727539]], "lowlevel.spectral_centroid.mean": [0.8423762321472168], "lowlevel.mfcc.mean": [[0.8635619878768921, -0.06888537108898163, 0.1342877447605133, 0.552137017250061, 0.36312976479530334, 0.5010433197021484, 0.16700509190559387, 0.5414065718650818, 0.2839205265045166, 0.5092653036117554, 0.688127338886261, 0.8745901584625244, 0.7931292057037354]], "sfx.logattacktime.mean": [0.3158301115036011], "lowlevel.hfc.mean": [0.5860985517501831]}