{"lowlevel.dissonance.mean": [0.4099302291870117], "sfx.inharmonicity.mean": [0.5809500217437744], "lowlevel.spectral_contrast.mean": [[0.3115682601928711, 0.3257725238800049, 1.2890315055847168, 1.1769790649414062, 1.1684417724609375, 1.1478636264801025]], "lowlevel.spectral_centroid.mean": [0.5444244146347046], "lowlevel.mfcc.mean": [[0.5440369844436646, 0.016828179359436035, 0.3925468325614929, 0.47522345185279846, 0.4016491174697876, 0.7430293560028076, 0.4137127995491028, 1.0966708660125732, 0.5763513445854187, -0.17810803651809692, -0.08450675010681152, 0.5561848282814026, 1.744950294494629]], "sfx.logattacktime.mean": [0.40489113330841064], "lowlevel.hfc.mean": [0.4749622642993927]}