{"lowlevel.dissonance.mean": [0.1321277618408203], "sfx.inharmonicity.mean": [0.4283972382545471], "lowlevel.spectral_contrast.mean": [[1.2470529079437256, 0.913341760635376, 1.4572713375091553, 1.6193934679031372, 1.143120288848877, 0.3311581611633301]], "lowlevel.spectral_centroid.mean": [0.4945772886276245], "lowlevel.mfcc.mean": [[0.5448626279830933, 0.7435096502304077, -0.14024552702903748, -0.03214582800865173, 0.4186907112598419, 0.08364564180374146, 0.4669594168663025, 0.11529383063316345, -0.2912940979003906, -0.21633154153823853, -0.4638182520866394, -0.5620784759521484, -0.25933629274368286]], "sfx.logattacktime.mean": [0.3826945722103119], "lowlevel.hfc.mean": [0.48874056339263916]}