{"lowlevel.dissonance.mean": [0.606310248374939], "sfx.inharmonicity.mean": [0.93021559715271], "lowlevel.spectral_contrast.mean": [[0.29572927951812744, 0.25988638401031494, 1.320475697517395, 1.048016905784607, 1.0384423732757568, 1.0528147220611572]], "lowlevel.spectral_centroid.mean": [0.5530673265457153], "lowlevel.mfcc.mean": [[0.5676498413085938, 0.009329959750175476, -0.2108396589756012, 0.26072096824645996, 0.21696385741233826, 0.8623896837234497, 0.9110145568847656, 1.0348331928253174, 0.815117597579956, 0.7456825971603394, 0.7950315475463867, 0.4995378851890564, -0.17596304416656494]], "sfx.logattacktime.mean": [0.2881929576396942], "lowlevel.hfc.mean": [0.4962707459926605]}