{"lowlevel.dissonance.mean": [0.18464577198028564], "sfx.inharmonicity.mean": [0.2634483277797699], "lowlevel.spectral_contrast.mean": [[0.6951789855957031, 1.0359606742858887, 1.078228235244751, 1.0844790935516357, 0.7634458541870117, 0.520627498626709]], "lowlevel.spectral_centroid.mean": [0.3697126507759094], "lowlevel.mfcc.mean": [[0.48540568351745605, 0.5894269943237305, 0.34025901556015015, 0.3718699514865875, 0.4490298628807068, 0.27559855580329895, 0.08636656403541565, 0.15584155917167664, 0.3416498303413391, 0.5109451413154602, 0.48792073130607605, 0.33555978536605835, 0.3598701059818268]], "sfx.logattacktime.mean": [0.5701478123664856], "lowlevel.hfc.mean": [0.4706587493419647]}