{"lowlevel.dissonance.mean": [0.4330176115036011], "sfx.inharmonicity.mean": [0.49824923276901245], "lowlevel.spectral_contrast.mean": [[0.12585043907165527, 1.1693005561828613, 1.282906413078308, 1.3155198097229004, 0.9738585948944092, 0.6615526676177979]], "lowlevel.spectral_centroid.mean": [0.444638192653656], "lowlevel.mfcc.mean": [[0.526642918586731, 0.33624064922332764, -0.3919919431209564, 0.08214417099952698, 0.10353916883468628, 0.08426359295845032, 0.04407620429992676, 0.2037847638130188, 0.29277199506759644, 0.24498958885669708, 0.4772343635559082, 0.807976245880127, 1.3032448291778564]], "sfx.logattacktime.mean": [0.5494438409805298], "lowlevel.hfc.mean": [0.47603684663772583]}