{"lowlevel.dissonance.mean": [0.7456244230270386], "sfx.inharmonicity.mean": [1.147424578666687], "lowlevel.spectral_contrast.mean": [[0.5948156118392944, 0.4483288526535034, 0.5075684785842896, 0.5814938545227051, 0.6999058723449707, 0.8876426219940186]], "lowlevel.spectral_centroid.mean": [0.8123675584793091], "lowlevel.mfcc.mean": [[0.8160048723220825, -0.05252055823802948, 0.14130619168281555, 0.6388569474220276, 0.4690261781215668, 0.5568779110908508, 0.18569546937942505, 0.6926428079605103, 0.2663772702217102, 0.4242170751094818, 0.6774247884750366, 0.884351372718811, 0.8719586133956909]], "sfx.logattacktime.mean": [0.31253087520599365], "lowlevel.hfc.mean": [0.5269869565963745]}