{"lowlevel.dissonance.mean": [0.7074708938598633], "sfx.inharmonicity.mean": [1.1387518644332886], "lowlevel.spectral_contrast.mean": [[0.43991005420684814, 0.26953256130218506, 0.2859303951263428, 1.4687364101409912, 0.8042628765106201, 0.7081000804901123]], "lowlevel.spectral_centroid.mean": [0.5237694978713989], "lowlevel.mfcc.mean": [[0.12503266334533691, 0.16558966040611267, 0.2959895730018616, 0.4746415317058563, 0.8005175590515137, 0.7837034463882446, 0.28110355138778687, 0.2945488691329956, 1.1562963724136353, 1.173419713973999, 0.10125228762626648, -0.12337034940719604, 1.4816008806228638]], "sfx.logattacktime.mean": [0.3095130920410156], "lowlevel.hfc.mean": [0.4653569459915161]}