{"lowlevel.dissonance.mean": [0.6991324424743652], "sfx.inharmonicity.mean": [1.1551309823989868], "lowlevel.spectral_contrast.mean": [[0.622905433177948, 0.6007417440414429, 0.6486613750457764, 0.6333742141723633, 0.733933687210083, 1.136368989944458]], "lowlevel.spectral_centroid.mean": [0.564995288848877], "lowlevel.mfcc.mean": [[0.6818194389343262, 0.3524065911769867, -0.2268502414226532, 0.5498034954071045, 0.19273239374160767, 0.5710134506225586, 0.7457016706466675, 0.8335299491882324, 0.7085512280464172, 0.7084266543388367, 0.7252146005630493, 0.5957835912704468, 0.4796103537082672]], "sfx.logattacktime.mean": [0.30378323793411255], "lowlevel.hfc.mean": [0.48516976833343506]}