{"lowlevel.dissonance.mean": [0.24191558361053467], "sfx.inharmonicity.mean": [0.27285632491111755], "lowlevel.spectral_contrast.mean": [[0.6020820140838623, 0.8671679496765137, 0.8941160440444946, 0.9080432653427124, 0.6459171772003174, 0.49468350410461426]], "lowlevel.spectral_centroid.mean": [0.3652856647968292], "lowlevel.mfcc.mean": [[0.3778609037399292, 0.5173864364624023, 0.3524838387966156, 0.41053712368011475, 0.5420330166816711, 0.4282838702201843, 0.21560299396514893, 0.2490358054637909, 0.4245186150074005, 0.5646342635154724, 0.6029274463653564, 0.4839272201061249, 0.48261910676956177]], "sfx.logattacktime.mean": [0.5818405747413635], "lowlevel.hfc.mean": [0.4659416377544403]}