{"lowlevel.dissonance.mean": [0.7492598295211792], "sfx.inharmonicity.mean": [0.9089188575744629], "lowlevel.spectral_contrast.mean": [[0.5189000368118286, 0.4343132972717285, 0.5368160009384155, 0.6443898677825928, 0.6817662715911865, 0.8910906314849854]], "lowlevel.spectral_centroid.mean": [0.8419531583786011], "lowlevel.mfcc.mean": [[0.8077088594436646, -0.10365962982177734, 0.09686771035194397, 0.5545777678489685, 0.37740764021873474, 0.5671827793121338, 0.30759477615356445, 0.7080308794975281, 0.41460636258125305, 0.6085207462310791, 0.7200834155082703, 0.9103496074676514, 0.8201949596405029]], "sfx.logattacktime.mean": [0.30177462100982666], "lowlevel.hfc.mean": [0.5461190938949585]}