{"lowlevel.dissonance.mean": [-0.4067957401275635], "sfx.inharmonicity.mean": [0.25189512968063354], "lowlevel.spectral_contrast.mean": [[0.9215236306190491, 0.6355204582214355, 0.4467250108718872, 0.27654290199279785, 0.21297097206115723, 0.2559363842010498]], "lowlevel.spectral_centroid.mean": [0.3406531810760498], "lowlevel.mfcc.mean": [[0.23344767093658447, 0.6059511303901672, 0.9199224710464478, 0.809468150138855, 0.7577148079872131, 0.5691887140274048, 0.46008986234664917, 0.35574933886528015, 0.35042184591293335, 0.2880534529685974, 0.21816548705101013, 0.04878699779510498, -0.060869038105010986]], "sfx.logattacktime.mean": [0.2727578282356262], "lowlevel.hfc.mean": [0.46729350090026855]}