{"lowlevel.dissonance.mean": [0.5049406290054321], "sfx.inharmonicity.mean": [0.7032638788223267], "lowlevel.spectral_contrast.mean": [[0.32073426246643066, 0.3171459436416626, 1.2050669193267822, 1.0781053304672241, 1.2034924030303955, 1.072155475616455]], "lowlevel.spectral_centroid.mean": [0.5495671033859253], "lowlevel.mfcc.mean": [[0.5439128875732422, 0.027004726231098175, 0.36410272121429443, 0.5758054256439209, 0.241886705160141, 0.5456504225730896, 0.6283654570579529, 0.7660483121871948, 0.9292207956314087, 0.633522629737854, 0.4805692434310913, 0.20027291774749756, -0.6311993598937988]], "sfx.logattacktime.mean": [0.47076454758644104], "lowlevel.hfc.mean": [0.4693736433982849]}