{"lowlevel.dissonance.mean": [0.6389051675796509], "sfx.inharmonicity.mean": [1.1231467723846436], "lowlevel.spectral_contrast.mean": [[0.29569363594055176, 0.5229787826538086, 0.7605292797088623, 1.0359479188919067, 0.7702991962432861, 0.7392990589141846]], "lowlevel.spectral_centroid.mean": [0.5502711534500122], "lowlevel.mfcc.mean": [[0.39650142192840576, 0.1514408141374588, -0.015728473663330078, 0.2616501450538635, 0.5262942910194397, 0.8224252462387085, 0.772655725479126, 0.5057940483093262, 0.27303680777549744, 0.6444826126098633, 1.2804820537567139, 1.0862038135528564, 0.43276160955429077]], "sfx.logattacktime.mean": [0.2572478950023651], "lowlevel.hfc.mean": [0.4857449531555176]}