{"lowlevel.dissonance.mean": [0.5498186349868774], "sfx.inharmonicity.mean": [0.7226090431213379], "lowlevel.spectral_contrast.mean": [[0.30362868309020996, 0.3163408041000366, 1.0527873039245605, 1.3989700078964233, 1.3742601871490479, 1.0523533821105957]], "lowlevel.spectral_centroid.mean": [0.5038472414016724], "lowlevel.mfcc.mean": [[0.5735710859298706, 0.054850414395332336, 0.2733100354671478, 0.4748576879501343, 0.3515963554382324, 0.5265305042266846, 0.3942604660987854, 0.7506595253944397, 0.8837752342224121, 1.3016581535339355, 0.5288852453231812, -0.0020209848880767822, -0.4037784934043884]], "sfx.logattacktime.mean": [0.43236032128334045], "lowlevel.hfc.mean": [0.48086220026016235]}