{"lowlevel.dissonance.mean": [0.33709728717803955], "sfx.inharmonicity.mean": [0.34785032272338867], "lowlevel.spectral_contrast.mean": [[0.8751915693283081, 1.2404916286468506, 1.1771692037582397, 1.0857019424438477, 0.6172823905944824, 0.5169405937194824]], "lowlevel.spectral_centroid.mean": [0.40047430992126465], "lowlevel.mfcc.mean": [[0.5312409400939941, 0.5720218420028687, -0.17512747645378113, -0.19701528549194336, 0.008955180644989014, 0.26895684003829956, 0.05136421322822571, 0.034860819578170776, 0.11008802056312561, 0.011346101760864258, 0.08939975500106812, 0.11485272645950317, 0.1521434783935547]], "sfx.logattacktime.mean": [0.712148129940033], "lowlevel.hfc.mean": [0.4674620032310486]}