{"lowlevel.dissonance.mean": [0.21023035049438477], "sfx.inharmonicity.mean": [0.24913284182548523], "lowlevel.spectral_contrast.mean": [[0.8555153012275696, 0.7069237232208252, 0.5640450716018677, 0.5644807815551758, 0.14926695823669434, 0.11256122589111328]], "lowlevel.spectral_centroid.mean": [0.33688241243362427], "lowlevel.mfcc.mean": [[0.32801103591918945, 0.827614426612854, 0.9949920177459717, 0.6552540063858032, 0.5704089999198914, 0.5181794762611389, 0.5497517585754395, 0.4195932149887085, 0.3592732846736908, 0.40073537826538086, 0.5618264079093933, 0.5723907947540283, 0.4504926800727844]], "sfx.logattacktime.mean": [0.3641403317451477], "lowlevel.hfc.mean": [0.4667205810546875]}