{"lowlevel.dissonance.mean": [0.5788631439208984], "sfx.inharmonicity.mean": [1.3588595390319824], "lowlevel.spectral_contrast.mean": [[0.7023484706878662, 1.0212327241897583, 1.0635677576065063, 0.7724471092224121, 0.8924076557159424, 0.8002064228057861]], "lowlevel.spectral_centroid.mean": [0.47713690996170044], "lowlevel.mfcc.mean": [[0.5705552101135254, 0.15617936849594116, -0.09861698746681213, 0.42105600237846375, 0.5535992383956909, 0.5142083764076233, 0.7376816272735596, 1.1587713956832886, 0.9461618065834045, 1.3925259113311768, 1.4893205165863037, 0.8613269925117493, 0.26014724373817444]], "sfx.logattacktime.mean": [0.2569059133529663], "lowlevel.hfc.mean": [0.5029365420341492]}