{"lowlevel.dissonance.mean": [-0.34493017196655273], "sfx.inharmonicity.mean": [0.20316824316978455], "lowlevel.spectral_contrast.mean": [[0.8908495903015137, 0.5500919818878174, 0.35559678077697754, 0.25691843032836914, 0.21550583839416504, 0.26531362533569336]], "lowlevel.spectral_centroid.mean": [0.3346676528453827], "lowlevel.mfcc.mean": [[0.2183399200439453, 0.5716712474822998, 0.8986423015594482, 0.8191510438919067, 0.8115696907043457, 0.68846595287323, 0.6354976892471313, 0.5383738875389099, 0.5169138312339783, 0.4446079432964325, 0.410194456577301, 0.29463350772857666, 0.1980263888835907]], "sfx.logattacktime.mean": [0.28175318241119385], "lowlevel.hfc.mean": [0.4667448401451111]}