{"lowlevel.dissonance.mean": [0.749988317489624], "sfx.inharmonicity.mean": [1.0739816427230835], "lowlevel.spectral_contrast.mean": [[0.6037925481796265, 0.4133749008178711, 0.46737146377563477, 0.6824069023132324, 0.7429163455963135, 0.9092698097229004]], "lowlevel.spectral_centroid.mean": [0.7803191542625427], "lowlevel.mfcc.mean": [[0.7965165376663208, -0.0676654577255249, 0.049819350242614746, 0.6080849170684814, 0.4871954023838043, 0.5952378511428833, 0.30539241433143616, 0.7706053853034973, 0.4050874412059784, 0.6427974104881287, 0.8288558721542358, 0.9232014417648315, 0.8430460691452026]], "sfx.logattacktime.mean": [0.298203706741333], "lowlevel.hfc.mean": [0.5660256147384644]}