{"lowlevel.dissonance.mean": [0.748528242111206], "sfx.inharmonicity.mean": [1.0322165489196777], "lowlevel.spectral_contrast.mean": [[0.6645357012748718, 0.3817417621612549, 0.43270444869995117, 0.5674352645874023, 0.6470081806182861, 0.7156548500061035]], "lowlevel.spectral_centroid.mean": [0.7495200634002686], "lowlevel.mfcc.mean": [[0.7304477691650391, 0.0068349689245224, 0.19156819581985474, 0.5259391665458679, 0.401922345161438, 0.3776334226131439, 0.20786482095718384, 0.6408239603042603, 0.4584749639034271, 0.7170743346214294, 0.927008867263794, 1.0751473903656006, 1.0452852249145508]], "sfx.logattacktime.mean": [0.32534223794937134], "lowlevel.hfc.mean": [0.4841940999031067]}