{"lowlevel.dissonance.mean": [0.09297919273376465], "sfx.inharmonicity.mean": [0.2606942653656006], "lowlevel.spectral_contrast.mean": [[0.4904491901397705, 1.0851571559906006, 0.9341156482696533, 0.9646396636962891, 0.7195937633514404, 0.4898390769958496]], "lowlevel.spectral_centroid.mean": [0.3634328246116638], "lowlevel.mfcc.mean": [[0.40536367893218994, 0.5170673131942749, 0.3187956213951111, 0.3822365999221802, 0.4618857502937317, 0.275480717420578, 0.0717751681804657, 0.19262409210205078, 0.48054561018943787, 0.5407100319862366, 0.6282401084899902, 0.7583290338516235, 0.8883050680160522]], "sfx.logattacktime.mean": [0.5395320653915405], "lowlevel.hfc.mean": [0.4671612083911896]}