{"lowlevel.dissonance.mean": [0.35364532470703125], "sfx.inharmonicity.mean": [0.48367539048194885], "lowlevel.spectral_contrast.mean": [[0.24673235416412354, 1.0734611749649048, 1.1472711563110352, 1.0371947288513184, 0.7254364490509033, 0.5610589981079102]], "lowlevel.spectral_centroid.mean": [0.42249149084091187], "lowlevel.mfcc.mean": [[0.4566638469696045, 0.4744194746017456, -0.21426883339881897, -0.1060110330581665, 0.13001182675361633, 0.20158404111862183, 0.16919207572937012, 0.08656716346740723, 0.1624687910079956, 0.10328254103660583, 0.39426910877227783, 0.4251285493373871, 0.34953147172927856]], "sfx.logattacktime.mean": [0.5554109811782837], "lowlevel.hfc.mean": [0.4674353003501892]}