{"lowlevel.dissonance.mean": [0.7322095632553101], "sfx.inharmonicity.mean": [0.985251784324646], "lowlevel.spectral_contrast.mean": [[0.28872573375701904, 0.35282886028289795, 0.37326645851135254, 0.9881083965301514, 0.6813592910766602, 0.7465469837188721]], "lowlevel.spectral_centroid.mean": [0.5939291715621948], "lowlevel.mfcc.mean": [[0.3412952423095703, 0.06784410029649734, 0.07332596182823181, 0.7164862751960754, 0.6379439234733582, 0.710093080997467, 0.3676615357398987, 0.3216097354888916, 0.5816555023193359, 0.9895284175872803, 1.1460938453674316, 0.636922299861908, 0.1255231499671936]], "sfx.logattacktime.mean": [0.5036226511001587], "lowlevel.hfc.mean": [0.46520939469337463]}