{"lowlevel.dissonance.mean": [0.18966519832611084], "sfx.inharmonicity.mean": [0.25874796509742737], "lowlevel.spectral_contrast.mean": [[0.6073324680328369, 0.9213429689407349, 0.9713246822357178, 0.9826661348342896, 0.7638909816741943, 0.5706326961517334]], "lowlevel.spectral_centroid.mean": [0.3730933368206024], "lowlevel.mfcc.mean": [[0.4616764783859253, 0.5252799987792969, 0.38254421949386597, 0.4431953430175781, 0.4891376793384552, 0.33316609263420105, 0.18602225184440613, 0.12610438466072083, 0.390175461769104, 0.6368523836135864, 0.48428189754486084, 0.4387170374393463, 0.36166635155677795]], "sfx.logattacktime.mean": [0.5976316928863525], "lowlevel.hfc.mean": [0.4679829180240631]}