{"lowlevel.dissonance.mean": [0.6936445236206055], "sfx.inharmonicity.mean": [1.0773377418518066], "lowlevel.spectral_contrast.mean": [[0.6247895956039429, 0.5930002927780151, 0.6506800651550293, 0.6308672428131104, 0.7266755104064941, 1.1179437637329102]], "lowlevel.spectral_centroid.mean": [0.5558000802993774], "lowlevel.mfcc.mean": [[0.6653172969818115, 0.3620665967464447, -0.21796730160713196, 0.5320639610290527, 0.20603832602500916, 0.5571242570877075, 0.7599056363105774, 0.8365311622619629, 0.7209575176239014, 0.7057217955589294, 0.7367331981658936, 0.6251785159111023, 0.48114535212516785]], "sfx.logattacktime.mean": [0.30465275049209595], "lowlevel.hfc.mean": [0.4843927025794983]}