{"lowlevel.dissonance.mean": [0.6124037504196167], "sfx.inharmonicity.mean": [0.7374322414398193], "lowlevel.spectral_contrast.mean": [[0.3017193078994751, 0.7400065660476685, 0.7463133335113525, 0.9137163162231445, 0.7643532752990723, 0.7565374374389648]], "lowlevel.spectral_centroid.mean": [0.5333423614501953], "lowlevel.mfcc.mean": [[0.4093888998031616, 0.19198572635650635, 0.03539106249809265, 0.203975647687912, 0.3970637023448944, 0.5886402130126953, 0.5032570362091064, 0.6142004132270813, 0.6483479738235474, 0.817214846611023, 1.5068995952606201, 0.9745258092880249, 0.37395304441452026]], "sfx.logattacktime.mean": [0.23465901613235474], "lowlevel.hfc.mean": [0.4771726131439209]}