{"lowlevel.dissonance.mean": [0.2197321653366089], "sfx.inharmonicity.mean": [0.33441734313964844], "lowlevel.spectral_contrast.mean": [[0.8044115900993347, 1.0355050563812256, 0.9182462692260742, 0.8074039220809937, 0.4936373233795166, 0.5485954284667969]], "lowlevel.spectral_centroid.mean": [0.39429759979248047], "lowlevel.mfcc.mean": [[0.434550404548645, 0.6671758890151978, 0.1084444522857666, -0.09612742066383362, 0.17324298620224, 0.13723233342170715, 0.13844695687294006, -0.002219974994659424, 0.12814992666244507, 0.018774718046188354, 0.14695191383361816, 0.3239026367664337, 0.20930835604667664]], "sfx.logattacktime.mean": [0.5869159698486328], "lowlevel.hfc.mean": [0.4655797779560089]}