{"lowlevel.dissonance.mean": [0.5061221122741699], "sfx.inharmonicity.mean": [0.4183441996574402], "lowlevel.spectral_contrast.mean": [[0.3324458599090576, 0.846405029296875, 0.9888230562210083, 1.0571037530899048, 1.1929266452789307, 0.8687644004821777]], "lowlevel.spectral_centroid.mean": [0.5086103081703186], "lowlevel.mfcc.mean": [[0.5495365858078003, 0.20721764862537384, 0.17451873421669006, 0.6633316874504089, 0.3490690588951111, 0.2268144190311432, 0.28943121433258057, 0.41647955775260925, 0.44595223665237427, 0.8710128664970398, 1.0734575986862183, 1.081852674484253, 1.0304548740386963]], "sfx.logattacktime.mean": [0.4775920808315277], "lowlevel.hfc.mean": [0.4685393273830414]}