{"lowlevel.dissonance.mean": [-0.15219658613204956], "sfx.inharmonicity.mean": [0.2151166796684265], "lowlevel.spectral_contrast.mean": [[0.42051100730895996, 1.2377538681030273, 1.1265299320220947, 0.7919634580612183, 0.3552370071411133, 0.2805793285369873]], "lowlevel.spectral_centroid.mean": [0.33791384100914], "lowlevel.mfcc.mean": [[0.43017494678497314, 0.9015530347824097, 0.6850742101669312, 0.14244934916496277, 0.22683507204055786, 0.36860278248786926, 0.4469822943210602, 0.23136655986309052, -0.009694099426269531, -0.06351113319396973, 0.2646637260913849, 0.45572951436042786, 0.6250910758972168]], "sfx.logattacktime.mean": [0.23323118686676025], "lowlevel.hfc.mean": [0.48042163252830505]}