{"lowlevel.dissonance.mean": [0.7007194757461548], "sfx.inharmonicity.mean": [1.0862228870391846], "lowlevel.spectral_contrast.mean": [[0.6277192831039429, 0.5943397283554077, 0.6505119800567627, 0.6335992813110352, 0.7278213500976562, 1.1284270286560059]], "lowlevel.spectral_centroid.mean": [0.5607304573059082], "lowlevel.mfcc.mean": [[0.6758836507797241, 0.35532885789871216, -0.22212544083595276, 0.5409783124923706, 0.19535505771636963, 0.5655348300933838, 0.7477967739105225, 0.8370381593704224, 0.7045542597770691, 0.7053022980690002, 0.7343535423278809, 0.6059637069702148, 0.4811549484729767]], "sfx.logattacktime.mean": [0.30465275049209595], "lowlevel.hfc.mean": [0.4854148328304291]}