{"lowlevel.dissonance.mean": [0.7151356935501099], "sfx.inharmonicity.mean": [1.0057075023651123], "lowlevel.spectral_contrast.mean": [[0.6336268782615662, 0.5056613683700562, 0.5482895374298096, 0.6103217601776123, 0.645319938659668, 0.7017316818237305]], "lowlevel.spectral_centroid.mean": [0.6411406993865967], "lowlevel.mfcc.mean": [[0.7490682601928711, 0.18030589818954468, 0.15202546119689941, 0.5076107978820801, 0.3973146975040436, 0.5963931679725647, 0.5122002363204956, 0.4079858958721161, 0.14855214953422546, 0.6122661232948303, 0.592788815498352, 0.3548283874988556, 0.29299503564834595]], "sfx.logattacktime.mean": [0.2668493092060089], "lowlevel.hfc.mean": [0.47384682297706604]}