{"lowlevel.dissonance.mean": [0.1352628469467163], "sfx.inharmonicity.mean": [0.2947363257408142], "lowlevel.spectral_contrast.mean": [[0.5690683126449585, 0.9344501495361328, 1.000756025314331, 0.9588288068771362, 0.7318949699401855, 0.5178444385528564]], "lowlevel.spectral_centroid.mean": [0.3819602429866791], "lowlevel.mfcc.mean": [[0.42216551303863525, 0.5508391857147217, 0.352328896522522, 0.3756832182407379, 0.4963477551937103, 0.3244777321815491, 0.19792857766151428, 0.2569843530654907, 0.3972070813179016, 0.6717562079429626, 0.3423600196838379, 0.38909581303596497, 0.49326395988464355]], "sfx.logattacktime.mean": [0.5873706340789795], "lowlevel.hfc.mean": [0.4662693440914154]}