{"lowlevel.dissonance.mean": [0.5784281492233276], "sfx.inharmonicity.mean": [0.340192586183548], "lowlevel.spectral_contrast.mean": [[0.7627822160720825, 0.4759887456893921, 0.5723515748977661, 0.4540750980377197, 0.4744911193847656, 0.29486989974975586]], "lowlevel.spectral_centroid.mean": [0.3193483054637909], "lowlevel.mfcc.mean": [[0.41401803493499756, 0.8514785766601562, 0.7112271785736084, 0.42034104466438293, 0.7867894172668457, 0.6584070920944214, 0.5247352123260498, 0.5228008031845093, 0.4703751504421234, 0.26168307662010193, 0.09462133049964905, 0.006645500659942627, 0.053413063287734985]], "sfx.logattacktime.mean": [0.6745107769966125], "lowlevel.hfc.mean": [0.46662211418151855]}