{"lowlevel.dissonance.mean": [0.7440199851989746], "sfx.inharmonicity.mean": [1.1060937643051147], "lowlevel.spectral_contrast.mean": [[0.5897308588027954, 0.3365703821182251, 0.4579058885574341, 0.6519801616668701, 0.5891366004943848, 0.7664327621459961]], "lowlevel.spectral_centroid.mean": [0.7150188684463501], "lowlevel.mfcc.mean": [[0.722862958908081, 0.04911220073699951, 0.09173384308815002, 0.5083760023117065, 0.3898252248764038, 0.5095760822296143, 0.19581761956214905, 0.5788347125053406, 0.5078332424163818, 0.8830784559249878, 0.8974080085754395, 0.8435859680175781, 0.8329274654388428]], "sfx.logattacktime.mean": [0.32115718722343445], "lowlevel.hfc.mean": [0.47703906893730164]}