{"lowlevel.dissonance.mean": [0.6436727046966553], "sfx.inharmonicity.mean": [0.43252819776535034], "lowlevel.spectral_contrast.mean": [[0.5545358657836914, 1.0072510242462158, 0.9325618743896484, 0.8515055179595947, 0.8567488193511963, 0.8827764987945557]], "lowlevel.spectral_centroid.mean": [0.5156583786010742], "lowlevel.mfcc.mean": [[0.5984224081039429, 0.06690120697021484, -0.10760173201560974, 0.48634374141693115, 0.5651771426200867, 0.5458909273147583, 0.5488366484642029, 0.7790915966033936, 0.8143624663352966, 1.4027774333953857, 1.5088751316070557, 1.1301343441009521, 0.2711707353591919]], "sfx.logattacktime.mean": [0.27497488260269165], "lowlevel.hfc.mean": [0.5126495957374573]}