{"lowlevel.dissonance.mean": [0.14505267143249512], "sfx.inharmonicity.mean": [0.2570820748806], "lowlevel.spectral_contrast.mean": [[0.587128758430481, 0.8850879669189453, 0.9664229154586792, 0.9181133508682251, 0.7096850872039795, 0.5475335121154785]], "lowlevel.spectral_centroid.mean": [0.3715246021747589], "lowlevel.mfcc.mean": [[0.43927526473999023, 0.5328292846679688, 0.40493127703666687, 0.42097485065460205, 0.4680996835231781, 0.3691291809082031, 0.2366550862789154, 0.25825995206832886, 0.48032450675964355, 0.5964928269386292, 0.415642112493515, 0.37122654914855957, 0.3620935380458832]], "sfx.logattacktime.mean": [0.5868774652481079], "lowlevel.hfc.mean": [0.4670828580856323]}