{"lowlevel.dissonance.mean": [0.70745849609375], "sfx.inharmonicity.mean": [1.1429442167282104], "lowlevel.spectral_contrast.mean": [[0.42939019203186035, 0.2581576108932495, 0.2566361427307129, 1.3864985704421997, 0.7513883113861084, 0.7041468620300293]], "lowlevel.spectral_centroid.mean": [0.5131415724754333], "lowlevel.mfcc.mean": [[0.12992143630981445, 0.18601757287979126, 0.257612943649292, 0.40042251348495483, 0.8762030601501465, 0.872653603553772, 0.3073609471321106, 0.12456947565078735, 1.0001477003097534, 1.397775650024414, 0.48652365803718567, -0.39002668857574463, 0.8996719121932983]], "sfx.logattacktime.mean": [0.24326097965240479], "lowlevel.hfc.mean": [0.4653637707233429]}