{"lowlevel.dissonance.mean": [0.6245046854019165], "sfx.inharmonicity.mean": [1.1707209348678589], "lowlevel.spectral_contrast.mean": [[0.6256611943244934, 1.0285757780075073, 0.9988431930541992, 0.8123195171356201, 0.864579439163208, 0.8738038539886475]], "lowlevel.spectral_centroid.mean": [0.527175784111023], "lowlevel.mfcc.mean": [[0.6216434240341187, 0.08581949770450592, -0.11253580451011658, 0.42190849781036377, 0.5113360285758972, 0.5815088748931885, 0.675497829914093, 0.8999954462051392, 0.7745136022567749, 1.4573900699615479, 1.522606611251831, 0.9168282747268677, 0.21757811307907104]], "sfx.logattacktime.mean": [0.2636168301105499], "lowlevel.hfc.mean": [0.5194621086120605]}