{"lowlevel.dissonance.mean": [0.41058194637298584], "sfx.inharmonicity.mean": [0.4602397680282593], "lowlevel.spectral_contrast.mean": [[0.3065793514251709, 0.3307781219482422, 0.36541199684143066, 1.33584725856781, 1.1239583492279053, 0.9863152503967285]], "lowlevel.spectral_centroid.mean": [0.5040801167488098], "lowlevel.mfcc.mean": [[0.521125078201294, 0.126811683177948, 0.30287081003189087, 0.4090611934661865, 0.3827418088912964, 0.7478822469711304, 0.8643964529037476, 0.7108427286148071, -0.05369526147842407, -0.45069682598114014, 0.7316030263900757, 1.7107179164886475, 1.5439687967300415]], "sfx.logattacktime.mean": [0.46423259377479553], "lowlevel.hfc.mean": [0.47234204411506653]}