{"lowlevel.dissonance.mean": [0.7089176177978516], "sfx.inharmonicity.mean": [0.9509412050247192], "lowlevel.spectral_contrast.mean": [[0.583154559135437, 0.5460258722305298, 0.5760325193405151, 0.6524670124053955, 0.7386889457702637, 1.1018893718719482]], "lowlevel.spectral_centroid.mean": [0.6017575263977051], "lowlevel.mfcc.mean": [[0.690018892288208, 0.2632500231266022, -0.2410518229007721, 0.544906497001648, 0.2056129276752472, 0.5777232646942139, 0.6669169664382935, 0.8812074661254883, 0.6312820911407471, 0.8636744022369385, 0.7805640697479248, 0.6242234706878662, 0.6991086006164551]], "sfx.logattacktime.mean": [0.3184269070625305], "lowlevel.hfc.mean": [0.49544644355773926]}