{"lowlevel.dissonance.mean": [0.41944050788879395], "sfx.inharmonicity.mean": [0.4663577079772949], "lowlevel.spectral_contrast.mean": [[0.13447284698486328, 1.152467966079712, 1.095945119857788, 1.2187248468399048, 0.7235193252563477, 0.5424854755401611]], "lowlevel.spectral_centroid.mean": [0.42293301224708557], "lowlevel.mfcc.mean": [[0.48412513732910156, 0.39895099401474, -0.2918475568294525, -0.05817946791648865, 0.13256558775901794, 0.20517131686210632, 0.15290233492851257, 0.06315824389457703, -0.03635150194168091, 0.05885821580886841, 0.6632344722747803, 1.0437383651733398, 1.1315646171569824]], "sfx.logattacktime.mean": [0.5223924517631531], "lowlevel.hfc.mean": [0.4705425500869751]}