{"lowlevel.dissonance.mean": [0.10677993297576904], "sfx.inharmonicity.mean": [0.27321839332580566], "lowlevel.spectral_contrast.mean": [[0.6001155376434326, 0.8692367076873779, 0.9126849174499512, 0.8205622434616089, 0.6196537017822266, 0.4836423397064209]], "lowlevel.spectral_centroid.mean": [0.36039456725120544], "lowlevel.mfcc.mean": [[0.39813852310180664, 0.5390213131904602, 0.4648728668689728, 0.4362108111381531, 0.47482556104660034, 0.3712085485458374, 0.24843382835388184, 0.29109692573547363, 0.442089706659317, 0.6136582493782043, 0.3791029751300812, 0.42738157510757446, 0.40943455696105957]], "sfx.logattacktime.mean": [0.6001842617988586], "lowlevel.hfc.mean": [0.4662497937679291]}