{"lowlevel.dissonance.mean": [0.5764776468276978], "sfx.inharmonicity.mean": [0.992341160774231], "lowlevel.spectral_contrast.mean": [[0.6895081400871277, 1.137331247329712, 1.0750174522399902, 0.91920006275177, 0.8661973476409912, 0.8201043605804443]], "lowlevel.spectral_centroid.mean": [0.5211131572723389], "lowlevel.mfcc.mean": [[0.6454485654830933, 0.06731754541397095, -0.16110721230506897, 0.4379570484161377, 0.5651832818984985, 0.4729625880718231, 0.6319858431816101, 0.930012047290802, 1.0396010875701904, 1.5729401111602783, 1.4923509359359741, 0.8873103260993958, 0.45504817366600037]], "sfx.logattacktime.mean": [0.25321459770202637], "lowlevel.hfc.mean": [0.5099828839302063]}