{"lowlevel.dissonance.mean": [0.2846825122833252], "sfx.inharmonicity.mean": [0.35020044445991516], "lowlevel.spectral_contrast.mean": [[0.860629141330719, 0.8601422309875488, 1.1097785234451294, 0.968778133392334, 0.5951344966888428, 0.5312635898590088]], "lowlevel.spectral_centroid.mean": [0.4218330979347229], "lowlevel.mfcc.mean": [[0.46391236782073975, 0.5933218002319336, -0.10015460848808289, -0.1881311535835266, 0.1797308325767517, 0.32060718536376953, 0.262462854385376, 0.21231141686439514, 0.24840515851974487, -0.07071799039840698, 0.08089643716812134, 0.13020023703575134, -0.0345422625541687]], "sfx.logattacktime.mean": [0.5860503315925598], "lowlevel.hfc.mean": [0.4660402536392212]}