{"lowlevel.dissonance.mean": [0.5163589715957642], "sfx.inharmonicity.mean": [2.0807461738586426], "lowlevel.spectral_contrast.mean": [[0.4155704975128174, 0.3304508924484253, 1.1448876857757568, 1.1602044105529785, 1.3257583379745483, 1.1024954319000244]], "lowlevel.spectral_centroid.mean": [0.586347222328186], "lowlevel.mfcc.mean": [[0.5867297649383545, 0.05713604390621185, 0.32759544253349304, 0.5586305856704712, 0.16703200340270996, 0.4068915545940399, 0.6395657658576965, 0.6087250709533691, 0.8149533271789551, 1.2339909076690674, 0.9060181379318237, 0.9954984784126282, -0.009879767894744873]], "sfx.logattacktime.mean": [0.4435451626777649], "lowlevel.hfc.mean": [0.4718693792819977]}