{"lowlevel.dissonance.mean": [0.2451174259185791], "sfx.inharmonicity.mean": [0.38896653056144714], "lowlevel.spectral_contrast.mean": [[0.48966705799102783, 0.9186464548110962, 0.9111589193344116, 0.9943772554397583, 0.753838062286377, 0.5342364311218262]], "lowlevel.spectral_centroid.mean": [0.385905385017395], "lowlevel.mfcc.mean": [[0.4300960302352905, 0.5381723642349243, 0.2900838255882263, 0.3980664908885956, 0.5322156548500061, 0.3643057942390442, 0.14527937769889832, 0.21377834677696228, 0.3346620202064514, 0.5897696614265442, 0.626362681388855, 0.45084619522094727, 0.5999226570129395]], "sfx.logattacktime.mean": [0.6085851192474365], "lowlevel.hfc.mean": [0.46587350964546204]}