{"lowlevel.dissonance.mean": [0.6240885257720947], "sfx.inharmonicity.mean": [0.6061173677444458], "lowlevel.spectral_contrast.mean": [[0.3060007095336914, 0.32415616512298584, 0.3200962543487549, 0.9348704814910889, 0.8869612216949463, 0.9703655242919922]], "lowlevel.spectral_centroid.mean": [0.6502186059951782], "lowlevel.mfcc.mean": [[0.4288588762283325, 0.11933940649032593, 0.48987501859664917, 0.3952586352825165, 0.6208822727203369, 0.679158091545105, 0.567315399646759, 0.7462204098701477, 0.1528213620185852, -0.037591755390167236, 0.6767929792404175, 1.8264105319976807, 0.6493459939956665]], "sfx.logattacktime.mean": [0.37918633222579956], "lowlevel.hfc.mean": [0.46670377254486084]}