{"lowlevel.dissonance.mean": [0.38773131370544434], "sfx.inharmonicity.mean": [0.4695848524570465], "lowlevel.spectral_contrast.mean": [[0.3092982769012451, 0.32676243782043457, 1.3804748058319092, 0.5675864219665527, 1.0932103395462036, 0.9139411449432373]], "lowlevel.spectral_centroid.mean": [0.44684791564941406], "lowlevel.mfcc.mean": [[0.48801422119140625, 0.1729508638381958, 0.3813370168209076, 0.1286863386631012, 0.5261126160621643, 0.8390708565711975, 0.6499654054641724, 0.9957239031791687, 0.2471616566181183, 0.028331726789474487, -0.5098583102226257, 1.1901540756225586, 1.9012757539749146]], "sfx.logattacktime.mean": [0.4629723131656647], "lowlevel.hfc.mean": [0.47067806124687195]}