{"lowlevel.dissonance.mean": [0.21631526947021484], "sfx.inharmonicity.mean": [0.2664274573326111], "lowlevel.spectral_contrast.mean": [[0.5197789669036865, 0.7906420230865479, 0.8643637895584106, 0.8803507089614868, 0.6010234355926514, 0.4743821620941162]], "lowlevel.spectral_centroid.mean": [0.374677836894989], "lowlevel.mfcc.mean": [[0.3461146354675293, 0.5797155499458313, 0.36931419372558594, 0.34452709555625916, 0.5726978778839111, 0.43742209672927856, 0.21633785963058472, 0.23390983045101166, 0.5959847569465637, 0.5739644169807434, 0.49850356578826904, 0.4445948004722595, 0.547895073890686]], "sfx.logattacktime.mean": [0.4868835210800171], "lowlevel.hfc.mean": [0.4653444290161133]}