{"lowlevel.dissonance.mean": [0.37419450283050537], "sfx.inharmonicity.mean": [0.2870528995990753], "lowlevel.spectral_contrast.mean": [[1.0054988861083984, 1.1636968851089478, 1.164180874824524, 1.0424537658691406, 0.7678632736206055, 0.5667080879211426]], "lowlevel.spectral_centroid.mean": [0.40920305252075195], "lowlevel.mfcc.mean": [[0.5300313234329224, 0.5711742639541626, -0.18491628766059875, -0.07075092196464539, 0.10083901882171631, 0.1713041365146637, 0.06298354268074036, -0.0041964054107666016, -0.027066051959991455, -0.1985759139060974, -0.02519160509109497, 0.008012354373931885, 0.10825207829475403]], "sfx.logattacktime.mean": [0.5466160774230957], "lowlevel.hfc.mean": [0.4681423306465149]}