{"lowlevel.dissonance.mean": [0.39705991744995117], "sfx.inharmonicity.mean": [0.45916563272476196], "lowlevel.spectral_contrast.mean": [[0.1544128656387329, 1.350998878479004, 1.314455270767212, 1.1332910060882568, 0.9696152210235596, 0.630037784576416]], "lowlevel.spectral_centroid.mean": [0.4332517385482788], "lowlevel.mfcc.mean": [[0.4774327278137207, 0.26509055495262146, -0.35859063267707825, 0.11900913715362549, 0.07056260108947754, 0.22143323719501495, 0.314953088760376, 0.3256748914718628, 0.48069828748703003, 0.8064725399017334, 1.2795486450195312, 1.2851898670196533, 1.1574395895004272]], "sfx.logattacktime.mean": [0.5155267119407654], "lowlevel.hfc.mean": [0.47898849844932556]}