{"lowlevel.dissonance.mean": [-0.338203489780426], "sfx.inharmonicity.mean": [0.38308185338974], "lowlevel.spectral_contrast.mean": [[0.7297796010971069, 0.7277524471282959, 0.6279463768005371, 0.34607410430908203, 0.29732704162597656, 0.29992055892944336]], "lowlevel.spectral_centroid.mean": [0.3851616680622101], "lowlevel.mfcc.mean": [[0.2354367971420288, 0.559767484664917, 0.7636218667030334, 0.5476098656654358, 0.43719202280044556, 0.2179557830095291, 0.15168032050132751, 0.1481536328792572, 0.18798157572746277, 0.1521790325641632, 0.21107926964759827, 0.1901223063468933, 0.18179672956466675]], "sfx.logattacktime.mean": [0.2584594488143921], "lowlevel.hfc.mean": [0.46716269850730896]}