{"lowlevel.dissonance.mean": [0.40644752979278564], "sfx.inharmonicity.mean": [0.25988903641700745], "lowlevel.spectral_contrast.mean": [[0.3212677240371704, 0.3372277021408081, 1.2775217294692993, 0.8724415302276611, 0.9405426979064941, 0.9813311100006104]], "lowlevel.spectral_centroid.mean": [0.4846641421318054], "lowlevel.mfcc.mean": [[0.518143892288208, 0.11824437975883484, 0.38068825006484985, 0.38008370995521545, 0.3256834149360657, 0.5627666115760803, 0.8479177951812744, 0.7927021384239197, 0.6685449481010437, 0.24319465458393097, -0.33104199171066284, 0.1830940842628479, 1.2639927864074707]], "sfx.logattacktime.mean": [0.4367752969264984], "lowlevel.hfc.mean": [0.4682586193084717]}