{"lowlevel.dissonance.mean": [-0.3185800313949585], "sfx.inharmonicity.mean": [0.2497442662715912], "lowlevel.spectral_contrast.mean": [[1.1391104459762573, 1.0144637823104858, 0.710149884223938, 0.416522741317749, 0.2813122272491455, 0.30143117904663086]], "lowlevel.spectral_centroid.mean": [0.316785603761673], "lowlevel.mfcc.mean": [[0.36139464378356934, 0.782543420791626, 0.9548472166061401, 0.6952201128005981, 0.5217359662055969, 0.3812985420227051, 0.2731214165687561, 0.12231054902076721, 0.18839919567108154, 0.0568048357963562, -0.013958394527435303, -0.15175926685333252, -0.19448530673980713]], "sfx.logattacktime.mean": [0.25392386317253113], "lowlevel.hfc.mean": [0.466930091381073]}