{"lowlevel.dissonance.mean": [0.32741212844848633], "sfx.inharmonicity.mean": [0.3800048232078552], "lowlevel.spectral_contrast.mean": [[0.9288460612297058, 0.9025485515594482, 1.0417864322662354, 1.0270437002182007, 0.5928730964660645, 0.5726485252380371]], "lowlevel.spectral_centroid.mean": [0.4130153954029083], "lowlevel.mfcc.mean": [[0.45450925827026367, 0.5766928195953369, -0.08630064129829407, -0.17486029863357544, 0.07956954836845398, 0.20515340566635132, 0.1885661780834198, 0.05114424228668213, 0.15619763731956482, 0.023152440786361694, 0.20279517769813538, 0.1839768886566162, 0.035232722759246826]], "sfx.logattacktime.mean": [0.6181259155273438], "lowlevel.hfc.mean": [0.4662947654724121]}