{"lowlevel.dissonance.mean": [0.717887282371521], "sfx.inharmonicity.mean": [0.6578831672668457], "lowlevel.spectral_contrast.mean": [[0.25697457790374756, 0.18278563022613525, 0.20891666412353516, 1.669219732284546, 1.0422780513763428, 0.5150167942047119]], "lowlevel.spectral_centroid.mean": [0.604210615158081], "lowlevel.mfcc.mean": [[0.20396924018859863, 0.13375842571258545, 0.05452898144721985, 0.4065217971801758, 0.7777711153030396, 1.145466923713684, 0.7983995079994202, -0.18251198530197144, -0.20228636264801025, 1.1201978921890259, 2.2067039012908936, 0.3309521973133087, -1.2316120862960815]], "sfx.logattacktime.mean": [0.28407102823257446], "lowlevel.hfc.mean": [0.48297733068466187]}