{"lowlevel.dissonance.mean": [0.31817328929901123], "sfx.inharmonicity.mean": [1.820840835571289], "lowlevel.spectral_contrast.mean": [[0.18705928325653076, 1.1421879529953003, 1.2491284608840942, 1.1111005544662476, 0.6681394577026367, 0.5255217552185059]], "lowlevel.spectral_centroid.mean": [0.40852853655815125], "lowlevel.mfcc.mean": [[0.49614596366882324, 0.4974471926689148, -0.23041221499443054, -0.10834884643554688, 0.1530912220478058, 0.18293273448944092, -0.0019927024841308594, -0.06245607137680054, 0.044904351234436035, -0.0062333643436431885, 0.2463829517364502, 0.38978493213653564, 0.566511332988739]], "sfx.logattacktime.mean": [0.6711745858192444], "lowlevel.hfc.mean": [0.4683898389339447]}