{"lowlevel.dissonance.mean": [0.12621772289276123], "sfx.inharmonicity.mean": [0.3030449151992798], "lowlevel.spectral_contrast.mean": [[0.296431303024292, 1.064267873764038, 0.8057171106338501, 0.8827636241912842, 0.7624170780181885, 0.537431001663208]], "lowlevel.spectral_centroid.mean": [0.35484597086906433], "lowlevel.mfcc.mean": [[0.40601396560668945, 0.44832226634025574, 0.3347221612930298, 0.4443551301956177, 0.5004307627677917, 0.28226199746131897, 0.05271068215370178, 0.18486449122428894, 0.49334731698036194, 0.45993027091026306, 0.6675116419792175, 0.9262921810150146, 1.0882512331008911]], "sfx.logattacktime.mean": [0.6337586641311646], "lowlevel.hfc.mean": [0.4668857157230377]}