{"lowlevel.dissonance.mean": [0.18958091735839844], "sfx.inharmonicity.mean": [0.2742748558521271], "lowlevel.spectral_contrast.mean": [[0.5015548467636108, 0.8366639614105225, 0.9234081506729126, 0.9495534896850586, 0.6926295757293701, 0.4908740520477295]], "lowlevel.spectral_centroid.mean": [0.3827689588069916], "lowlevel.mfcc.mean": [[0.376619815826416, 0.5797584056854248, 0.32006052136421204, 0.3649614453315735, 0.5626421570777893, 0.34832343459129333, 0.20977512001991272, 0.2321794629096985, 0.5016030073165894, 0.667926549911499, 0.477621853351593, 0.37536364793777466, 0.5529601573944092]], "sfx.logattacktime.mean": [0.4577476680278778], "lowlevel.hfc.mean": [0.46553176641464233]}