{"lowlevel.dissonance.mean": [0.17088210582733154], "sfx.inharmonicity.mean": [0.37416213750839233], "lowlevel.spectral_contrast.mean": [[0.7720240354537964, 1.0688979625701904, 0.8681665658950806, 0.7955899238586426, 0.44132232666015625, 0.5328259468078613]], "lowlevel.spectral_centroid.mean": [0.38959336280822754], "lowlevel.mfcc.mean": [[0.40295541286468506, 0.6546764373779297, 0.17930570244789124, -0.12610077857971191, 0.10523393750190735, 0.12416970729827881, 0.1261640191078186, 0.032136112451553345, 0.17242252826690674, 0.026104331016540527, 0.09145542979240417, 0.224162757396698, 0.10547113418579102]], "sfx.logattacktime.mean": [0.6613546013832092], "lowlevel.hfc.mean": [0.46537676453590393]}