{"lowlevel.dissonance.mean": [-0.247685968875885], "sfx.inharmonicity.mean": [0.23674124479293823], "lowlevel.spectral_contrast.mean": [[0.8683829307556152, 0.6032835245132446, 0.3391549587249756, 0.23876523971557617, 0.2264547348022461, 0.2628650665283203]], "lowlevel.spectral_centroid.mean": [0.3275435268878937], "lowlevel.mfcc.mean": [[0.21524155139923096, 0.5743436813354492, 0.9168585538864136, 0.8678381443023682, 0.8931406736373901, 0.7810956239700317, 0.7310386896133423, 0.6748723983764648, 0.7014909386634827, 0.6437671184539795, 0.6285613775253296, 0.5912433862686157, 0.5306347012519836]], "sfx.logattacktime.mean": [0.2637537121772766], "lowlevel.hfc.mean": [0.466911256313324]}