{"lowlevel.dissonance.mean": [0.5036494731903076], "sfx.inharmonicity.mean": [0.6966620683670044], "lowlevel.spectral_contrast.mean": [[0.6278094053268433, 0.9726803302764893, 1.0283300876617432, 0.9155012369155884, 0.7685039043426514, 0.6461539268493652]], "lowlevel.spectral_centroid.mean": [0.4414043426513672], "lowlevel.mfcc.mean": [[0.46675336360931396, 0.2223518043756485, 0.03632563352584839, 0.27549728751182556, 0.6424527764320374, 0.5807186961174011, 0.5309571027755737, 0.8809971809387207, 1.308046817779541, 1.4661158323287964, 1.078627586364746, 0.7324564456939697, 0.3393508195877075]], "sfx.logattacktime.mean": [0.27192360162734985], "lowlevel.hfc.mean": [0.4940149486064911]}