{"lowlevel.dissonance.mean": [0.3333791494369507], "sfx.inharmonicity.mean": [0.39621156454086304], "lowlevel.spectral_contrast.mean": [[0.5795983076095581, 1.2526373863220215, 0.9509867429733276, 1.1404986381530762, 0.630577802658081, 0.53523850440979]], "lowlevel.spectral_centroid.mean": [0.404011994600296], "lowlevel.mfcc.mean": [[0.48142194747924805, 0.48260337114334106, -0.22701391577720642, -0.14527922868728638, 0.11105594038963318, 0.30578091740608215, 0.15434053540229797, 0.08528649806976318, 0.07715868949890137, 0.011320739984512329, 0.3327491283416748, 0.4005517363548279, 0.36797237396240234]], "sfx.logattacktime.mean": [0.6039091348648071], "lowlevel.hfc.mean": [0.46747279167175293]}