{"lowlevel.dissonance.mean": [-0.12281322479248047], "sfx.inharmonicity.mean": [0.25992241501808167], "lowlevel.spectral_contrast.mean": [[0.7337883114814758, 0.4654958248138428, 0.48697590827941895, 0.24902582168579102, 0.19866180419921875, 0.25515079498291016]], "lowlevel.spectral_centroid.mean": [0.3206441402435303], "lowlevel.mfcc.mean": [[0.24349915981292725, 0.6609212160110474, 1.0260486602783203, 0.9564193487167358, 0.9412194490432739, 0.8503217697143555, 0.8515517711639404, 0.810799241065979, 0.8298382759094238, 0.7480878233909607, 0.5994024276733398, 0.3494374752044678, 0.178869366645813]], "sfx.logattacktime.mean": [0.29122433066368103], "lowlevel.hfc.mean": [0.4667351245880127]}