{"lowlevel.dissonance.mean": [0.6302508115768433], "sfx.inharmonicity.mean": [0.7877246141433716], "lowlevel.spectral_contrast.mean": [[0.28037476539611816, 0.7247791290283203, 0.8147221803665161, 0.9578331708908081, 0.7415642738342285, 0.6619555950164795]], "lowlevel.spectral_centroid.mean": [0.5258756279945374], "lowlevel.mfcc.mean": [[0.40061962604522705, 0.20816299319267273, -0.029578834772109985, 0.1655811071395874, 0.4491112232208252, 0.6042221784591675, 0.6555345058441162, 0.5957579016685486, 0.47663843631744385, 0.7752112746238708, 1.4145731925964355, 1.0615826845169067, 0.3973352313041687]], "sfx.logattacktime.mean": [0.26671677827835083], "lowlevel.hfc.mean": [0.4748893082141876]}