{"lowlevel.dissonance.mean": [0.6212576627731323], "sfx.inharmonicity.mean": [1.314147710800171], "lowlevel.spectral_contrast.mean": [[0.6756355166435242, 0.905515193939209, 1.1135571002960205, 0.9428188800811768, 0.9094007015228271, 0.8036935329437256]], "lowlevel.spectral_centroid.mean": [0.5340784788131714], "lowlevel.mfcc.mean": [[0.5879335403442383, 0.16189871728420258, -0.15822777152061462, 0.3337114155292511, 0.5398606061935425, 0.5501660108566284, 0.729211151599884, 1.1361289024353027, 1.1403188705444336, 1.5475680828094482, 1.060969352722168, 0.15772920846939087, 0.2939223051071167]], "sfx.logattacktime.mean": [0.27103981375694275], "lowlevel.hfc.mean": [0.5052888989448547]}