{"lowlevel.dissonance.mean": [0.4299430847167969], "sfx.inharmonicity.mean": [0.3593648076057434], "lowlevel.spectral_contrast.mean": [[0.31571388244628906, 1.0232442617416382, 1.1088228225708008, 1.0110974311828613, 1.1304062604904175, 1.0056686401367188]], "lowlevel.spectral_centroid.mean": [0.4794144630432129], "lowlevel.mfcc.mean": [[0.5814884901046753, 0.1942901462316513, 0.20841452479362488, 0.5324556827545166, 0.21155795454978943, 0.37562423944473267, 0.45274069905281067, 0.26487988233566284, 0.25083860754966736, 0.6349004507064819, 0.9327417612075806, 1.40226149559021, 1.0209431648254395]], "sfx.logattacktime.mean": [0.375946044921875], "lowlevel.hfc.mean": [0.4675341546535492]}