{"lowlevel.dissonance.mean": [0.39521002769470215], "sfx.inharmonicity.mean": [0.4346223771572113], "lowlevel.spectral_contrast.mean": [[0.9532203078269958, 0.9982599020004272, 1.0857586860656738, 0.9983793497085571, 0.6380374431610107, 0.5410776138305664]], "lowlevel.spectral_centroid.mean": [0.40547826886177063], "lowlevel.mfcc.mean": [[0.4867805242538452, 0.6226946115493774, -0.11721572279930115, -0.21123290061950684, 0.1222476065158844, 0.18049484491348267, 0.07818681001663208, -0.009171873331069946, 0.0744897723197937, -0.10811471939086914, 0.07643622159957886, 0.13942262530326843, 0.09568455815315247]], "sfx.logattacktime.mean": [0.7009663581848145], "lowlevel.hfc.mean": [0.4664711654186249]}