{"lowlevel.dissonance.mean": [0.6251788139343262], "sfx.inharmonicity.mean": [0.7346979379653931], "lowlevel.spectral_contrast.mean": [[0.5709805488586426, 1.0144538879394531, 1.026659369468689, 0.8068079948425293, 0.7949702739715576, 0.8122596740722656]], "lowlevel.spectral_centroid.mean": [0.5107834339141846], "lowlevel.mfcc.mean": [[0.5899354219436646, 0.1290837824344635, -0.13200554251670837, 0.33676615357398987, 0.5504270195960999, 0.6225950121879578, 0.6450710296630859, 0.860659122467041, 0.9919469952583313, 1.4588184356689453, 1.323032021522522, 0.9184821844100952, 0.20285189151763916]], "sfx.logattacktime.mean": [0.2798425257205963], "lowlevel.hfc.mean": [0.5091235041618347]}