{"lowlevel.dissonance.mean": [0.26608431339263916], "sfx.inharmonicity.mean": [0.4428534507751465], "lowlevel.spectral_contrast.mean": [[0.8407637476921082, 0.7584208250045776, 0.6693886518478394, 0.715360164642334, 0.1805424690246582, 0.12117671966552734]], "lowlevel.spectral_centroid.mean": [0.32638198137283325], "lowlevel.mfcc.mean": [[0.45386803150177, 1.0777770280838013, 1.066049337387085, 0.482543021440506, 0.38136938214302063, 0.4918626844882965, 0.5877866744995117, 0.42158612608909607, 0.2956596612930298, 0.33685964345932007, 0.639942467212677, 0.6826428174972534, 0.4821041524410248]], "sfx.logattacktime.mean": [0.3918990194797516], "lowlevel.hfc.mean": [0.4721643924713135]}