{"lowlevel.dissonance.mean": [0.6123238801956177], "sfx.inharmonicity.mean": [0.5419731736183167], "lowlevel.spectral_contrast.mean": [[0.42013072967529297, 0.27270781993865967, 0.27476954460144043, 1.4489408731460571, 0.7934868335723877, 0.7176744937896729]], "lowlevel.spectral_centroid.mean": [0.5019220113754272], "lowlevel.mfcc.mean": [[0.12620878219604492, 0.18612486124038696, 0.29418712854385376, 0.40272441506385803, 0.7605929374694824, 0.8814772367477417, 0.43744924664497375, 0.11841738224029541, 0.8816913366317749, 1.3410615921020508, 0.7580543756484985, -0.3263574242591858, 0.4396737813949585]], "sfx.logattacktime.mean": [0.2364901602268219], "lowlevel.hfc.mean": [0.4653485417366028]}