{"lowlevel.dissonance.mean": [0.5734859704971313], "sfx.inharmonicity.mean": [0.5358098149299622], "lowlevel.spectral_contrast.mean": [[0.30505549907684326, 0.30951523780822754, 0.32386231422424316, 1.1295268535614014, 0.8659989833831787, 0.759246826171875]], "lowlevel.spectral_centroid.mean": [0.5136650204658508], "lowlevel.mfcc.mean": [[0.4136248826980591, 0.17488980293273926, 0.4170231223106384, 0.423112690448761, 0.6050831079483032, 0.7349318265914917, 0.7900344133377075, 0.3607516586780548, -0.05736309289932251, 0.343783438205719, 1.3313052654266357, 1.3413342237472534, -0.27415621280670166]], "sfx.logattacktime.mean": [0.3507245182991028], "lowlevel.hfc.mean": [0.4665625989437103]}