{"lowlevel.dissonance.mean": [-0.35618096590042114], "sfx.inharmonicity.mean": [0.3396897614002228], "lowlevel.spectral_contrast.mean": [[0.7888157367706299, 0.5030463933944702, 0.3846602439880371, 0.2723829746246338, 0.2171032428741455, 0.2692530155181885]], "lowlevel.spectral_centroid.mean": [0.3286820650100708], "lowlevel.mfcc.mean": [[0.2400650978088379, 0.6554967164993286, 1.0395437479019165, 1.0158815383911133, 1.036506175994873, 0.9298081398010254, 0.8470041155815125, 0.6768345832824707, 0.5869873762130737, 0.4526465833187103, 0.3331040143966675, 0.2012474536895752, 0.19752773642539978]], "sfx.logattacktime.mean": [0.28665879368782043], "lowlevel.hfc.mean": [0.4673450291156769]}