{"lowlevel.dissonance.mean": [-0.43155062198638916], "sfx.inharmonicity.mean": [0.2037266492843628], "lowlevel.spectral_contrast.mean": [[0.903867244720459, 0.5158700942993164, 0.3855574131011963, 0.26569032669067383, 0.23896360397338867, 0.27712488174438477]], "lowlevel.spectral_centroid.mean": [0.33025383949279785], "lowlevel.mfcc.mean": [[0.2065809965133667, 0.5489639043807983, 0.8870869874954224, 0.8210628032684326, 0.8200082778930664, 0.6792821288108826, 0.6261008381843567, 0.5318174362182617, 0.4703614413738251, 0.34366798400878906, 0.24688571691513062, 0.08110517263412476, -0.007223725318908691]], "sfx.logattacktime.mean": [0.30006828904151917], "lowlevel.hfc.mean": [0.4669543206691742]}