{"lowlevel.dissonance.mean": [0.5106192827224731], "sfx.inharmonicity.mean": [0.41301143169403076], "lowlevel.spectral_contrast.mean": [[0.18078148365020752, 1.129597783088684, 1.2260538339614868, 1.2431703805923462, 0.9122226238250732, 0.6058709621429443]], "lowlevel.spectral_centroid.mean": [0.4525759816169739], "lowlevel.mfcc.mean": [[0.47724485397338867, 0.3266500234603882, -0.3743491470813751, 0.06692075729370117, 0.1330755054950714, 0.13672447204589844, 0.147086501121521, 0.16648662090301514, 0.3549993634223938, 0.5072533488273621, 0.9162303805351257, 1.1938133239746094, 1.372765302658081]], "sfx.logattacktime.mean": [0.6149784326553345], "lowlevel.hfc.mean": [0.47270745038986206]}