{"lowlevel.dissonance.mean": [0.6391373872756958], "sfx.inharmonicity.mean": [0.8919898271560669], "lowlevel.spectral_contrast.mean": [[0.3017982244491577, 0.26243364810943604, 1.1695835590362549, 1.101855754852295, 1.0738046169281006, 0.9807813167572021]], "lowlevel.spectral_centroid.mean": [0.556856632232666], "lowlevel.mfcc.mean": [[0.516081690788269, 0.040371090173721313, -0.15776726603507996, 0.27835699915885925, 0.32810842990875244, 0.8614895343780518, 0.9656063318252563, 1.0343009233474731, 0.6283068656921387, 0.5553906559944153, 0.8567056655883789, 0.8011767864227295, 0.08484253287315369]], "sfx.logattacktime.mean": [0.27497488260269165], "lowlevel.hfc.mean": [0.4975794851779938]}