{"lowlevel.dissonance.mean": [-0.47189491987228394], "sfx.inharmonicity.mean": [0.2469148337841034], "lowlevel.spectral_contrast.mean": [[0.7566013932228088, 0.7902158498764038, 0.8923698663711548, 0.41445302963256836, 0.2938566207885742, 0.302976131439209]], "lowlevel.spectral_centroid.mean": [0.37766629457473755], "lowlevel.mfcc.mean": [[0.28388142585754395, 0.6842573881149292, 0.8653547763824463, 0.583044171333313, 0.44223541021347046, 0.26163607835769653, 0.26430070400238037, 0.4162885844707489, 0.6714873313903809, 0.7349956035614014, 0.6620635986328125, 0.44591739773750305, 0.2701224684715271]], "sfx.logattacktime.mean": [0.29871290922164917], "lowlevel.hfc.mean": [0.4676450192928314]}