{"lowlevel.dissonance.mean": [0.5886232852935791], "sfx.inharmonicity.mean": [0.5420154333114624], "lowlevel.spectral_contrast.mean": [[0.6238159537315369, 1.014175295829773, 1.0256366729736328, 0.8583043813705444, 0.8739180564880371, 0.8339805603027344]], "lowlevel.spectral_centroid.mean": [0.48892050981521606], "lowlevel.mfcc.mean": [[0.544253945350647, 0.1383528709411621, -0.05429068207740784, 0.4918271601200104, 0.5997730493545532, 0.4631081521511078, 0.5687045454978943, 0.9536510705947876, 0.983457624912262, 1.4914305210113525, 1.3274614810943604, 0.9281864166259766, 0.351489782333374]], "sfx.logattacktime.mean": [0.2816016972064972], "lowlevel.hfc.mean": [0.49884191155433655]}