{"lowlevel.dissonance.mean": [0.728880763053894], "sfx.inharmonicity.mean": [0.6008166670799255], "lowlevel.spectral_contrast.mean": [[0.4195280075073242, 0.26420021057128906, 0.2627396583557129, 1.4307126998901367, 0.7642779350280762, 0.6875255107879639]], "lowlevel.spectral_centroid.mean": [0.5418474078178406], "lowlevel.mfcc.mean": [[0.12378442287445068, 0.15190687775611877, 0.30399197340011597, 0.5299025177955627, 0.8207625150680542, 0.6710811853408813, 0.1842460036277771, 0.5405687093734741, 1.2995755672454834, 0.7589912414550781, -0.1820858120918274, 0.6141667366027832, 1.7384731769561768]], "sfx.logattacktime.mean": [0.24371087551116943], "lowlevel.hfc.mean": [0.4653822183609009]}