{"lowlevel.dissonance.mean": [0.25714361667633057], "sfx.inharmonicity.mean": [0.2586604356765747], "lowlevel.spectral_contrast.mean": [[0.561559796333313, 0.8293725252151489, 0.8799132108688354, 0.8987811803817749, 0.6438736915588379, 0.4879932403564453]], "lowlevel.spectral_centroid.mean": [0.36547744274139404], "lowlevel.mfcc.mean": [[0.3827056884765625, 0.5387958288192749, 0.3839174509048462, 0.425739049911499, 0.5236812233924866, 0.4024242162704468, 0.17975330352783203, 0.23730184137821198, 0.3948255777359009, 0.4834958016872406, 0.5838010311126709, 0.42733997106552124, 0.4188808500766754]], "sfx.logattacktime.mean": [0.5130068063735962], "lowlevel.hfc.mean": [0.46610236167907715]}