{"lowlevel.dissonance.mean": [0.4570728540420532], "sfx.inharmonicity.mean": [0.415982723236084], "lowlevel.spectral_contrast.mean": [[0.6359389424324036, 1.1508655548095703, 1.0950011014938354, 0.9289147853851318, 0.8368737697601318, 0.7663106918334961]], "lowlevel.spectral_centroid.mean": [0.43932217359542847], "lowlevel.mfcc.mean": [[0.5205020904541016, 0.15872079133987427, -0.03928402066230774, 0.44618621468544006, 0.6004903316497803, 0.45878320932388306, 0.4157010018825531, 0.8646855354309082, 1.0141100883483887, 1.539781093597412, 1.6034269332885742, 1.165533423423767, 0.35252106189727783]], "sfx.logattacktime.mean": [0.31598949432373047], "lowlevel.hfc.mean": [0.48504185676574707]}