{"lowlevel.dissonance.mean": [-0.3646164536476135], "sfx.inharmonicity.mean": [0.22920474410057068], "lowlevel.spectral_contrast.mean": [[0.8055710792541504, 0.8157106637954712, 0.39094972610473633, 0.21287941932678223, 0.1816694736480713, 0.23624396324157715]], "lowlevel.spectral_centroid.mean": [0.33134299516677856], "lowlevel.mfcc.mean": [[0.24380064010620117, 0.6595439910888672, 1.028640627861023, 0.9838061928749084, 0.9887263774871826, 0.8644915819168091, 0.7865381240844727, 0.6630006432533264, 0.5942394137382507, 0.42072200775146484, 0.27532923221588135, 0.17944389581680298, 0.2248549461364746]], "sfx.logattacktime.mean": [0.3258468508720398], "lowlevel.hfc.mean": [0.4675474762916565]}