{"lowlevel.dissonance.mean": [0.6443935632705688], "sfx.inharmonicity.mean": [0.8576322793960571], "lowlevel.spectral_contrast.mean": [[0.31249678134918213, 0.31928229331970215, 0.34238719940185547, 1.1532869338989258, 1.063681721687317, 1.0935931205749512]], "lowlevel.spectral_centroid.mean": [0.6113070845603943], "lowlevel.mfcc.mean": [[0.495419979095459, 0.12200655788183212, 0.31250664591789246, 0.5199292302131653, 0.5980855822563171, 0.6834025382995605, 0.565807044506073, 0.4129626750946045, -0.15108376741409302, 0.7040520906448364, 1.3832576274871826, 0.6876517534255981, -0.4283989667892456]], "sfx.logattacktime.mean": [0.4500105082988739], "lowlevel.hfc.mean": [0.47232121229171753]}