{"lowlevel.dissonance.mean": [0.526190996170044], "sfx.inharmonicity.mean": [0.6796923279762268], "lowlevel.spectral_contrast.mean": [[0.31051933765411377, 0.34038829803466797, 1.114434838294983, 0.9494093656539917, 1.2131010293960571, 1.0270369052886963]], "lowlevel.spectral_centroid.mean": [0.5977380275726318], "lowlevel.mfcc.mean": [[0.523138165473938, 0.07638335227966309, 0.38787347078323364, 0.46391868591308594, 0.31338346004486084, 0.5127736926078796, 0.5057788491249084, 0.9203916788101196, 0.9728885889053345, 0.6685137748718262, 0.019230246543884277, -0.3606759309768677, 0.4712252914905548]], "sfx.logattacktime.mean": [0.711320698261261], "lowlevel.hfc.mean": [0.47008204460144043]}