{"lowlevel.dissonance.mean": [-0.35872775316238403], "sfx.inharmonicity.mean": [0.19244852662086487], "lowlevel.spectral_contrast.mean": [[0.9908031225204468, 0.6882436275482178, 0.43277955055236816, 0.2555875778198242, 0.22906970977783203, 0.2660958766937256]], "lowlevel.spectral_centroid.mean": [0.31433364748954773], "lowlevel.mfcc.mean": [[0.2075207233428955, 0.5769463777542114, 0.9684351682662964, 0.9571727514266968, 0.9835847020149231, 0.8607254028320312, 0.8086062669754028, 0.7405630350112915, 0.766311764717102, 0.73261559009552, 0.7115665674209595, 0.6585869789123535, 0.6258168816566467]], "sfx.logattacktime.mean": [0.24359861016273499], "lowlevel.hfc.mean": [0.46608489751815796]}