{"lowlevel.dissonance.mean": [0.21401464939117432], "sfx.inharmonicity.mean": [0.2801031172275543], "lowlevel.spectral_contrast.mean": [[0.6194825172424316, 0.9628168344497681, 1.065026044845581, 1.132057785987854, 0.782926082611084, 0.5582070350646973]], "lowlevel.spectral_centroid.mean": [0.3834517300128937], "lowlevel.mfcc.mean": [[0.46368682384490967, 0.6262387633323669, 0.27064549922943115, 0.3344603180885315, 0.5210415720939636, 0.3981087803840637, 0.08895331621170044, 0.15025809407234192, 0.3344242572784424, 0.5293677449226379, 0.5987640619277954, 0.33786654472351074, 0.4075702428817749]], "sfx.logattacktime.mean": [0.5446399450302124], "lowlevel.hfc.mean": [0.4662322998046875]}