{"lowlevel.dissonance.mean": [0.7380787134170532], "sfx.inharmonicity.mean": [0.8247902393341064], "lowlevel.spectral_contrast.mean": [[0.5641827583312988, 0.391221284866333, 0.41109979152679443, 0.6165258884429932, 0.6296632289886475, 0.7748312950134277]], "lowlevel.spectral_centroid.mean": [0.7858335971832275], "lowlevel.mfcc.mean": [[0.7586309909820557, -0.00507664680480957, 0.15643519163131714, 0.537129282951355, 0.36912667751312256, 0.4187932014465332, 0.1904403567314148, 0.6311475038528442, 0.44620487093925476, 0.7693603038787842, 0.9049158096313477, 0.8924638628959656, 0.8023519515991211]], "sfx.logattacktime.mean": [0.3330267667770386], "lowlevel.hfc.mean": [0.49794241786003113]}