{"lowlevel.dissonance.mean": [0.41371381282806396], "sfx.inharmonicity.mean": [0.3713342547416687], "lowlevel.spectral_contrast.mean": [[0.24639427661895752, 1.1744518280029297, 1.1957052946090698, 0.9780974388122559, 0.6997702121734619, 0.5374159812927246]], "lowlevel.spectral_centroid.mean": [0.3978561460971832], "lowlevel.mfcc.mean": [[0.47287189960479736, 0.4871266484260559, -0.19028469920158386, -0.06901073455810547, 0.18745866417884827, 0.2698017954826355, 0.11418142914772034, -0.047958970069885254, -0.10580068826675415, -0.12162667512893677, 0.2370079755783081, 0.4843476116657257, 0.733715295791626]], "sfx.logattacktime.mean": [0.5131929516792297], "lowlevel.hfc.mean": [0.46781793236732483]}