{"lowlevel.dissonance.mean": [0.4236055612564087], "sfx.inharmonicity.mean": [0.4285277724266052], "lowlevel.spectral_contrast.mean": [[0.16673314571380615, 1.1034001111984253, 1.1311657428741455, 1.0739710330963135, 0.7062013149261475, 0.5408353805541992]], "lowlevel.spectral_centroid.mean": [0.4195917546749115], "lowlevel.mfcc.mean": [[0.4406203031539917, 0.41204097867012024, -0.24419578909873962, -0.05246397852897644, 0.22909489274024963, 0.2163209766149521, 0.12452122569084167, 0.10676887631416321, 0.20643439888954163, 0.15992632508277893, 0.3292558193206787, 0.5442059636116028, 0.8730409145355225]], "sfx.logattacktime.mean": [0.5859320759773254], "lowlevel.hfc.mean": [0.4687695801258087]}