{"lowlevel.dissonance.mean": [0.24705350399017334], "sfx.inharmonicity.mean": [0.4973810613155365], "lowlevel.spectral_contrast.mean": [[0.763141930103302, 0.9765307903289795, 1.0608006715774536, 0.9045752286911011, 0.5861585140228271, 0.5557725429534912]], "lowlevel.spectral_centroid.mean": [0.4136529266834259], "lowlevel.mfcc.mean": [[0.4484424591064453, 0.6352807283401489, 0.018170595169067383, -0.15673106908798218, 0.109951913356781, 0.148444265127182, 0.1510980725288391, 0.12235459685325623, 0.2244689166545868, 0.03515219688415527, 0.21710333228111267, 0.23331919312477112, 0.07033109664916992]], "sfx.logattacktime.mean": [0.6696184277534485], "lowlevel.hfc.mean": [0.46592840552330017]}