{"lowlevel.dissonance.mean": [0.17696189880371094], "sfx.inharmonicity.mean": [0.2493569403886795], "lowlevel.spectral_contrast.mean": [[0.6944777965545654, 1.0129563808441162, 1.0768882036209106, 1.1047967672348022, 0.7905313968658447, 0.5841546058654785]], "lowlevel.spectral_centroid.mean": [0.37510621547698975], "lowlevel.mfcc.mean": [[0.5023839473724365, 0.5848463773727417, 0.357500284910202, 0.381293922662735, 0.4539972245693207, 0.3308417797088623, 0.042712241411209106, 0.11403194069862366, 0.3555980920791626, 0.39435774087905884, 0.4334756135940552, 0.33287057280540466, 0.27668365836143494]], "sfx.logattacktime.mean": [0.6162670850753784], "lowlevel.hfc.mean": [0.4695325493812561]}