{"lowlevel.dissonance.mean": [0.7520116567611694], "sfx.inharmonicity.mean": [0.979712963104248], "lowlevel.spectral_contrast.mean": [[0.624375581741333, 0.4413456916809082, 0.4420602321624756, 0.6860233545303345, 0.6993639469146729, 0.9087719917297363]], "lowlevel.spectral_centroid.mean": [0.7884571552276611], "lowlevel.mfcc.mean": [[0.7863011360168457, -0.04975733160972595, 0.08055204153060913, 0.6403928995132446, 0.46265318989753723, 0.574329137802124, 0.2420593500137329, 0.6379064321517944, 0.36888957023620605, 0.5464625358581543, 0.596565306186676, 0.7983921766281128, 0.7769144773483276]], "sfx.logattacktime.mean": [0.300443172454834], "lowlevel.hfc.mean": [0.5855282545089722]}