{"lowlevel.dissonance.mean": [0.5893642902374268], "sfx.inharmonicity.mean": [0.7793519496917725], "lowlevel.spectral_contrast.mean": [[0.28770911693573, 0.2625722885131836, 1.3593076467514038, 0.9726096391677856, 0.978137731552124, 0.9828388690948486]], "lowlevel.spectral_centroid.mean": [0.5422456860542297], "lowlevel.mfcc.mean": [[0.5283122062683105, 0.043780647218227386, -0.1771426498889923, 0.2170315682888031, 0.2721308469772339, 0.769142746925354, 0.8571001887321472, 1.2227487564086914, 0.7815452814102173, 0.6582257151603699, 0.7659752368927002, 0.3706969618797302, -0.04161566495895386]], "sfx.logattacktime.mean": [0.2582666277885437], "lowlevel.hfc.mean": [0.4848833382129669]}