{"lowlevel.dissonance.mean": [-0.12782323360443115], "sfx.inharmonicity.mean": [0.2037392407655716], "lowlevel.spectral_contrast.mean": [[0.9452688097953796, 0.46612823009490967, 0.3720207214355469, 0.23980712890625, 0.2234504222869873, 0.2611117362976074]], "lowlevel.spectral_centroid.mean": [0.3210378885269165], "lowlevel.mfcc.mean": [[0.19803130626678467, 0.5436927080154419, 0.9061230421066284, 0.8786799907684326, 0.9337658882141113, 0.8643245697021484, 0.8675700426101685, 0.8466613292694092, 0.8876227140426636, 0.8297144174575806, 0.7639167308807373, 0.6625274419784546, 0.5712870359420776]], "sfx.logattacktime.mean": [0.2292085886001587], "lowlevel.hfc.mean": [0.4661417603492737]}