{"lowlevel.dissonance.mean": [0.5899358987808228], "sfx.inharmonicity.mean": [1.088120937347412], "lowlevel.spectral_contrast.mean": [[0.6527187824249268, 1.0257011651992798, 1.0397361516952515, 0.8666678667068481, 0.8886399269104004, 0.7841973304748535]], "lowlevel.spectral_centroid.mean": [0.47729212045669556], "lowlevel.mfcc.mean": [[0.5461769104003906, 0.16413161158561707, -0.09233543276786804, 0.45161688327789307, 0.5998014211654663, 0.45584672689437866, 0.5913625955581665, 0.9982345104217529, 0.9606506824493408, 1.4672194719314575, 1.4847075939178467, 0.8226398825645447, 0.18645888566970825]], "sfx.logattacktime.mean": [0.27415966987609863], "lowlevel.hfc.mean": [0.4920031726360321]}