{"lowlevel.dissonance.mean": [0.4990285634994507], "sfx.inharmonicity.mean": [0.5479338765144348], "lowlevel.spectral_contrast.mean": [[0.18159377574920654, 1.1024101972579956, 1.1460013389587402, 1.095404028892517, 0.7654571533203125, 0.5955371856689453]], "lowlevel.spectral_centroid.mean": [0.43774551153182983], "lowlevel.mfcc.mean": [[0.431931734085083, 0.2763718366622925, -0.26520195603370667, 0.15257179737091064, 0.20658856630325317, 0.14651310443878174, 0.10507234930992126, 0.23636409640312195, 0.4707881212234497, 0.6328285932540894, 1.0830891132354736, 1.4157543182373047, 1.358764886856079]], "sfx.logattacktime.mean": [0.49627816677093506], "lowlevel.hfc.mean": [0.4757234752178192]}