{"lowlevel.dissonance.mean": [0.6806812286376953], "sfx.inharmonicity.mean": [1.6062594652175903], "lowlevel.spectral_contrast.mean": [[0.6229575872421265, 0.6750178337097168, 1.0268442630767822, 0.9738940000534058, 0.847301721572876, 0.9241838455200195]], "lowlevel.spectral_centroid.mean": [0.5674641132354736], "lowlevel.mfcc.mean": [[0.6340998411178589, 0.038896702229976654, -0.1814398467540741, 0.439106822013855, 0.626123309135437, 0.9123053550720215, 0.780036211013794, 0.7994117140769958, 0.9521721601486206, 0.9932398796081543, 0.8842634558677673, 0.6729295253753662, 0.39877447485923767]], "sfx.logattacktime.mean": [0.2761448323726654], "lowlevel.hfc.mean": [0.5109997391700745]}