{"lowlevel.dissonance.mean": [0.37771129608154297], "sfx.inharmonicity.mean": [0.3259977698326111], "lowlevel.spectral_contrast.mean": [[0.31808972358703613, 1.3230057954788208, 1.191524624824524, 1.4004080295562744, 1.330922245979309, 0.9834599494934082]], "lowlevel.spectral_centroid.mean": [0.42395955324172974], "lowlevel.mfcc.mean": [[0.657440185546875, 0.21878355741500854, 0.03860396146774292, 0.6622940301895142, 0.3026154637336731, 0.05136004090309143, 0.039894312620162964, 0.2124282419681549, 0.3501884937286377, 0.6423539519309998, 1.0765528678894043, 1.5694444179534912, 1.6115150451660156]], "sfx.logattacktime.mean": [0.42658382654190063], "lowlevel.hfc.mean": [0.4739147424697876]}