{"lowlevel.dissonance.mean": [0.1364285945892334], "sfx.inharmonicity.mean": [0.2633347511291504], "lowlevel.spectral_contrast.mean": [[0.5535067319869995, 0.855198860168457, 0.9703418016433716, 0.932877779006958, 0.6411051750183105, 0.48537182807922363]], "lowlevel.spectral_centroid.mean": [0.37872636318206787], "lowlevel.mfcc.mean": [[0.36922192573547363, 0.6122556328773499, 0.357651025056839, 0.3043572008609772, 0.528346061706543, 0.37469106912612915, 0.15389031171798706, 0.21364668011665344, 0.5473063588142395, 0.5620214343070984, 0.4359912872314453, 0.3426567316055298, 0.5000166893005371]], "sfx.logattacktime.mean": [0.5264837741851807], "lowlevel.hfc.mean": [0.46546652913093567]}