{"lowlevel.dissonance.mean": [0.6554062366485596], "sfx.inharmonicity.mean": [1.7763103246688843], "lowlevel.spectral_contrast.mean": [[0.3113816976547241, 0.33671271800994873, 0.35713696479797363, 0.9854960441589355, 1.2357673645019531, 0.8413956165313721]], "lowlevel.spectral_centroid.mean": [0.6217004060745239], "lowlevel.mfcc.mean": [[0.4747086763381958, 0.14519257843494415, 0.3769615888595581, 0.41878244280815125, 0.6510985493659973, 0.47265687584877014, 0.8450596332550049, 0.3837375044822693, -0.0028769969940185547, 0.16571515798568726, 0.9134879112243652, 1.7642332315444946, 0.19411301612854004]], "sfx.logattacktime.mean": [0.4349730908870697], "lowlevel.hfc.mean": [0.4703925848007202]}