{"lowlevel.dissonance.mean": [0.1529383659362793], "sfx.inharmonicity.mean": [0.23803207278251648], "lowlevel.spectral_contrast.mean": [[0.6609704494476318, 0.9903188943862915, 1.066983938217163, 1.0443897247314453, 0.7742269039154053, 0.5538833141326904]], "lowlevel.spectral_centroid.mean": [0.3736911416053772], "lowlevel.mfcc.mean": [[0.4771960973739624, 0.5511989593505859, 0.3821522891521454, 0.440921813249588, 0.47259560227394104, 0.3108559846878052, 0.12350156903266907, 0.11816045641899109, 0.3502361476421356, 0.6247667074203491, 0.4687260687351227, 0.37369126081466675, 0.349179208278656]], "sfx.logattacktime.mean": [0.6398748159408569], "lowlevel.hfc.mean": [0.4688655436038971]}