{"lowlevel.dissonance.mean": [0.12558460235595703], "sfx.inharmonicity.mean": [0.2845301032066345], "lowlevel.spectral_contrast.mean": [[0.5898095369338989, 0.8900344371795654, 0.9872888326644897, 0.9483344554901123, 0.7181203365325928, 0.5089178085327148]], "lowlevel.spectral_centroid.mean": [0.3792738914489746], "lowlevel.mfcc.mean": [[0.41111063957214355, 0.563214123249054, 0.35780495405197144, 0.37428295612335205, 0.4991263449192047, 0.3251991868019104, 0.19251319766044617, 0.2906267046928406, 0.37346315383911133, 0.6869627237319946, 0.3916279971599579, 0.3188650608062744, 0.5114659667015076]], "sfx.logattacktime.mean": [0.5130482316017151], "lowlevel.hfc.mean": [0.46601322293281555]}