{"lowlevel.dissonance.mean": [0.2577427625656128], "sfx.inharmonicity.mean": [0.36898958683013916], "lowlevel.spectral_contrast.mean": [[0.2900198698043823, 0.9216364622116089, 0.6122639179229736, 0.8476269245147705, 0.7285354137420654, 0.5299699306488037]], "lowlevel.spectral_centroid.mean": [0.37264955043792725], "lowlevel.mfcc.mean": [[0.36295437812805176, 0.457467645406723, 0.3003133535385132, 0.501825749874115, 0.6095821857452393, 0.35648834705352783, 0.07925379276275635, 0.11594715714454651, 0.46734046936035156, 0.6410290002822876, 0.7361871004104614, 0.8772282004356384, 1.006651759147644]], "sfx.logattacktime.mean": [0.646085798740387], "lowlevel.hfc.mean": [0.46537649631500244]}