{"lowlevel.dissonance.mean": [0.34182775020599365], "sfx.inharmonicity.mean": [0.3379702866077423], "lowlevel.spectral_contrast.mean": [[0.3192819356918335, 0.8701756000518799, 0.45834827423095703, 1.3645493984222412, 1.0159261226654053, 0.8691937923431396]], "lowlevel.spectral_centroid.mean": [0.4502854347229004], "lowlevel.mfcc.mean": [[0.5608747005462646, 0.2274811863899231, 0.14149916172027588, 0.48405003547668457, 0.19417259097099304, 0.5166165828704834, 0.5993005037307739, 0.36809349060058594, 0.32897481322288513, 0.4729421138763428, 1.1295969486236572, 1.5056514739990234, 0.7591612339019775]], "sfx.logattacktime.mean": [0.4324636459350586], "lowlevel.hfc.mean": [0.4706747233867645]}