{"lowlevel.dissonance.mean": [0.596615195274353], "sfx.inharmonicity.mean": [0.635292649269104], "lowlevel.spectral_contrast.mean": [[0.29623258113861084, 0.3252429962158203, 1.081825852394104, 0.770931601524353, 1.2265793085098267, 1.0629589557647705]], "lowlevel.spectral_centroid.mean": [0.5620773434638977], "lowlevel.mfcc.mean": [[0.48258233070373535, 0.08091742545366287, 0.33570271730422974, 0.5638055205345154, 0.5454537272453308, 0.5412160158157349, 0.8992199897766113, 0.6200543642044067, 0.44696423411369324, -0.12061017751693726, -0.0987805724143982, 1.6820286512374878, 1.8468314409255981]], "sfx.logattacktime.mean": [0.38276106119155884], "lowlevel.hfc.mean": [0.4728173017501831]}