{"lowlevel.dissonance.mean": [0.6433289051055908], "sfx.inharmonicity.mean": [1.5474179983139038], "lowlevel.spectral_contrast.mean": [[0.2983512878417969, 0.7120428085327148, 0.7436708211898804, 0.8565477132797241, 0.8123271465301514, 0.675835371017456]], "lowlevel.spectral_centroid.mean": [0.5413964986801147], "lowlevel.mfcc.mean": [[0.3779146671295166, 0.19729262590408325, 0.01594001054763794, 0.26599419116973877, 0.4254712164402008, 0.5477301478385925, 0.7247085571289062, 0.6486960649490356, 0.5635911226272583, 0.8073596954345703, 1.3432230949401855, 0.9931029677391052, 0.512125551700592]], "sfx.logattacktime.mean": [0.23709294199943542], "lowlevel.hfc.mean": [0.4730191230773926]}