{"lowlevel.dissonance.mean": [0.01946854591369629], "sfx.inharmonicity.mean": [0.20647206902503967], "lowlevel.spectral_contrast.mean": [[0.9986717104911804, 0.4289517402648926, 0.31334614753723145, 0.2107844352722168, 0.17378449440002441, 0.22783160209655762]], "lowlevel.spectral_centroid.mean": [0.31624698638916016], "lowlevel.mfcc.mean": [[0.22502219676971436, 0.6153572201728821, 0.9820685386657715, 0.9359812140464783, 0.9708919525146484, 0.9104622602462769, 0.9283881187438965, 0.916510283946991, 0.9831300973892212, 0.9829932451248169, 0.9504705667495728, 0.8277800679206848, 0.6720266342163086]], "sfx.logattacktime.mean": [0.32270461320877075], "lowlevel.hfc.mean": [0.4671570956707001]}