{"lowlevel.dissonance.mean": [0.431868314743042], "sfx.inharmonicity.mean": [0.3895775079727173], "lowlevel.spectral_contrast.mean": [[0.18794500827789307, 1.1135671138763428, 1.218184232711792, 1.2221788167953491, 0.9393031597137451, 0.6294081211090088]], "lowlevel.spectral_centroid.mean": [0.45334312319755554], "lowlevel.mfcc.mean": [[0.4913167953491211, 0.27585500478744507, -0.4088098704814911, 0.11839357018470764, 0.23209187388420105, 0.2262144535779953, 0.14873701333999634, 0.22037914395332336, 0.333950936794281, 0.3768669366836548, 0.7850944995880127, 1.1185394525527954, 1.257147192955017]], "sfx.logattacktime.mean": [0.4676862955093384], "lowlevel.hfc.mean": [0.4734237790107727]}