{"lowlevel.dissonance.mean": [0.7498854398727417], "sfx.inharmonicity.mean": [1.1786127090454102], "lowlevel.spectral_contrast.mean": [[0.508664608001709, 0.4059321880340576, 0.4565345048904419, 0.7086154222488403, 0.7469522953033447, 0.9324462413787842]], "lowlevel.spectral_centroid.mean": [0.8231785297393799], "lowlevel.mfcc.mean": [[0.8377947807312012, -0.11547207832336426, 0.09548288583755493, 0.6281002759933472, 0.5127739310264587, 0.6069310307502747, 0.25061437487602234, 0.6953768730163574, 0.33376818895339966, 0.5088033080101013, 0.6444382667541504, 0.6985189914703369, 0.6902596950531006]], "sfx.logattacktime.mean": [0.3296073079109192], "lowlevel.hfc.mean": [0.6346235275268555]}