{"lowlevel.dissonance.mean": [0.6367981433868408], "sfx.inharmonicity.mean": [0.5942355990409851], "lowlevel.spectral_contrast.mean": [[0.30690062046051025, 0.3349137306213379, 0.6698908805847168, 0.9796082973480225, 1.1800798177719116, 1.1286735534667969]], "lowlevel.spectral_centroid.mean": [0.6457257270812988], "lowlevel.mfcc.mean": [[0.5145541429519653, 0.03388872742652893, 0.3885934054851532, 0.5205774307250977, 0.52540522813797, 0.621584951877594, 0.2881511449813843, 0.5725047588348389, 0.6822100281715393, 0.6223068237304688, 1.1841764450073242, 0.31475216150283813, 0.1353207528591156]], "sfx.logattacktime.mean": [0.46906110644340515], "lowlevel.hfc.mean": [0.46927610039711]}