{"lowlevel.dissonance.mean": [0.21014809608459473], "sfx.inharmonicity.mean": [0.34911584854125977], "lowlevel.spectral_contrast.mean": [[0.7664695382118225, 0.9831486940383911, 0.8579144477844238, 0.7467361688613892, 0.4979667663574219, 0.5330944061279297]], "lowlevel.spectral_centroid.mean": [0.38712969422340393], "lowlevel.mfcc.mean": [[0.3993440866470337, 0.6706229448318481, 0.21196389198303223, -0.07793724536895752, 0.18403735756874084, 0.08272898197174072, 0.07633534073829651, -0.01468321681022644, 0.046161144971847534, -0.016338497400283813, 0.1032247543334961, 0.25314855575561523, 0.1865934431552887]], "sfx.logattacktime.mean": [0.7015639543533325], "lowlevel.hfc.mean": [0.4653928279876709]}