{"lowlevel.dissonance.mean": [0.45876002311706543], "sfx.inharmonicity.mean": [0.3145998418331146], "lowlevel.spectral_contrast.mean": [[0.32038652896881104, 0.33004558086395264, 1.2378745079040527, 0.8229656219482422, 1.1125417947769165, 0.9812450408935547]], "lowlevel.spectral_centroid.mean": [0.5147319436073303], "lowlevel.mfcc.mean": [[0.48822522163391113, 0.11284559965133667, 0.4084135591983795, 0.3722848892211914, 0.6232235431671143, 0.2804539203643799, 0.6882157921791077, 1.1423671245574951, 0.45413610339164734, 0.6408962607383728, -0.15337646007537842, -0.02094632387161255, 0.9015893936157227]], "sfx.logattacktime.mean": [0.4274914860725403], "lowlevel.hfc.mean": [0.4684597849845886]}